--
-- Script was generated by Devart dbForge Studio 2020 for MySQL, Version 9.0.338.0
-- Product home page: http://www.devart.com/dbforge/mysql/studio
-- Script date 12/12/2022 7:44:35 PM
-- Server version: 8.0.31
-- Client version: 4.1
--

-- 
-- Disable foreign keys
-- 
/*!40014 SET @OLD_FOREIGN_KEY_CHECKS=@@FOREIGN_KEY_CHECKS, FOREIGN_KEY_CHECKS=0 */;

-- 
-- Set SQL mode
-- 
/*!40101 SET @OLD_SQL_MODE=@@SQL_MODE, SQL_MODE='NO_AUTO_VALUE_ON_ZERO' */;

-- 
-- Set character set the client will use to send SQL statements to the server
--
SET NAMES 'utf8';

--
-- Set default database
--
USE `misa.web10.test`;

--
-- Drop table `teacher_department`
--
DROP TABLE IF EXISTS teacher_department;

--
-- Drop table `department`
--
DROP TABLE IF EXISTS department;

--
-- Drop table `teacher`
--
DROP TABLE IF EXISTS teacher;

--
-- Set default database
--
USE `misa.web10.test`;

--
-- Create table `teacher`
--
CREATE TABLE teacher (
  TeacherID char(36) NOT NULL DEFAULT '',
  TeacherName varchar(255) NOT NULL DEFAULT '',
  TeacherCode varchar(255) NOT NULL DEFAULT '',
  PRIMARY KEY (TeacherID)
)
ENGINE = INNODB,
AVG_ROW_LENGTH = 245,
CHARACTER SET utf8mb4,
COLLATE utf8mb4_general_ci;

--
-- Create index `TeacherCode` on table `teacher`
--
ALTER TABLE teacher
ADD UNIQUE INDEX TeacherCode (TeacherCode);

--
-- Create table `department`
--
CREATE TABLE department (
  DepartmentID char(36) NOT NULL DEFAULT '',
  DepartmentCode varchar(255) NOT NULL DEFAULT '',
  DepartmentName varchar(255) NOT NULL DEFAULT '',
  PRIMARY KEY (DepartmentID)
)
ENGINE = INNODB,
AVG_ROW_LENGTH = 4096,
CHARACTER SET utf8mb4,
COLLATE utf8mb4_general_ci;

--
-- Create index `DepartmentCode` on table `department`
--
ALTER TABLE department
ADD UNIQUE INDEX DepartmentCode (DepartmentCode);

--
-- Create index `UK_department_DepartmentID` on table `department`
--
ALTER TABLE department
ADD UNIQUE INDEX UK_department_DepartmentID (DepartmentID);

--
-- Create table `teacher_department`
--
CREATE TABLE teacher_department (
  TeacherID varchar(255) NOT NULL DEFAULT '',
  DepartmentID varchar(255) NOT NULL DEFAULT '',
  PRIMARY KEY (TeacherID, DepartmentID)
)
ENGINE = INNODB,
AVG_ROW_LENGTH = 245,
CHARACTER SET utf8mb4,
COLLATE utf8mb4_general_ci;

--
-- Create foreign key
--
ALTER TABLE teacher_department
ADD CONSTRAINT FK_teacher_department_DepartmentID FOREIGN KEY (DepartmentID)
REFERENCES department (DepartmentID);

--
-- Create foreign key
--
ALTER TABLE teacher_department
ADD CONSTRAINT FK_teacher_department_TeacherID FOREIGN KEY (TeacherID)
REFERENCES teacher (TeacherID);

-- 
-- Dumping data for table teacher
--
INSERT INTO teacher VALUES
('11a8748f-3464-740c-28c2-579daad24557', 'Trần Văn Chương', 'TC-3265'),
('12693b29-274c-35ce-d11d-086412a8ea97', 'Hoàng Đức Mạnh', 'TC-0555'),
('12e12a5c-6e3a-503a-d71d-086412a8ea97', 'Trần Linh Bốn', 'TC-6059'),
('12e1b096-3542-127a-1077-d9ebc53aac3d', 'Nguyễn Ngọc Quốc', 'TC-7129'),
('13ede5b6-19dd-563e-1980-de64d090a2c2', 'Bùi Thị Hạnh', 'TC-7730'),
('143e4110-751a-5474-1f80-de64d090a2c2', 'Nguyễn Văn Thu', 'TC-0497'),
('14aa1334-3d35-32c4-30c2-579daad24557', 'Nguyễn Tú Bình', 'TC-0526'),
('1518ced5-6993-37f8-6180-7ed9d1ea06ea', 'Đinh Diễm Mỹ', 'TC-6941'),
('156bb711-53c6-12ee-5d80-7ed9d1ea06ea', 'Trương Đức Băng', 'TC-7268'),
('15acfdfd-12d7-52f6-2777-d9ebc53aac3d', 'Bùi Thị Như', 'TC-7340'),
('1737c16a-1277-1be3-3bc2-579daad24557', 'Nguyễn Thị Ngân', 'TC-5838'),
('17872e95-3d24-6d1a-32c2-579daad24557', 'Trần Quang Cương', 'TC-6783'),
('18baaac1-2b18-2317-b9d2-89b22d10517e', 'Bùi Tiến Thịnh', 'TC-9764'),
('18bbd5d8-6c2d-154c-bad2-89b22d10517e', 'Nguyễn Ngọc Duy', 'TC-6483'),
('18d2ec1b-61c5-1896-2ec2-579daad24557', 'Nguyễn Văn Phát', 'TC-8959'),
('1906737f-3aed-5704-1777-d9ebc53aac3d', 'Trần Thị Chi', 'TC-0295'),
('19256041-7623-2834-6df6-423b4e874d0f', 'Nguyễn Thị An', 'TC-9646'),
('192b3b9d-5e60-3b13-5b80-7ed9d1ea06ea', 'Nguyễn Thanh Ngọc', 'TC-8979'),
('197fda97-5a35-781d-0e77-d9ebc53aac3d', 'Nguyễn Khánh Đan', 'TC-4057'),
('1b05fdba-145b-7ab0-8d41-c1ec321fe728', 'Nguyễn Thị Chương', 'TC-0888'),
('1b972dfb-67eb-5f25-39c2-579daad24557', 'Mai Văn Linh', 'TC-8822'),
('1ca4f185-7203-2a84-40c2-579daad24557', 'Mai Văn Xuân', 'TC-3111'),
('1d05a704-5376-15ba-1477-d9ebc53aac3d', 'Trần Thị Nghĩa', 'TC-2008'),
('1e5ce342-2eec-79a4-5380-7ed9d1ea06ea', 'Nguyễn Văn Trí', 'TC-5471'),
('1e5e96fa-5d7a-599d-27c2-579daad24557', 'Nguyễn Thị Phương', 'TC-6724'),
('1f85f165-3ed3-370a-b7d2-89b22d10517e', 'Nguyễn Văn Nghị', 'TC-9583'),
('1f88699a-3e19-718a-d81d-086412a8ea97', 'Hồ Mỹ Trọng', 'TC-6753'),
('1fbf8e6f-17d3-6a04-2180-de64d090a2c2', 'Trần Văn Phú', 'TC-4759'),
('1fecd07f-2488-638c-8141-c1ec321fe728', 'Nguyễn Đức Khánh', 'TC-2522'),
('201b9639-5997-303c-5880-7ed9d1ea06ea', 'Mai Hưng Thúy', 'TC-2162'),
('2107e2a5-49f8-237b-5780-7ed9d1ea06ea', 'Trịnh Văn Như', 'TC-6867'),
('212a5f62-4eb8-203c-4035-0028ed526dd0', 'Nguyễn Tú Thạch', 'TC-9549'),
('21ae5078-5e68-3790-6af6-423b4e874d0f', 'Nguyễn Thị Đông', 'TC-5824'),
('22732821-2015-1da3-4335-0028ed526dd0', 'Nguyễn Tiến Tuệ', 'TC-2395'),
('22bba567-6206-6bf1-0c35-60b3ebf808a9', 'Trần Thị Hồng', 'TC-8193'),
('22df58b0-55d2-6108-2480-de64d090a2c2', 'Trần Văn Thơm', 'TC-0810'),
('22f0091b-523a-6c8e-4c35-0028ed526dd0', 'Trần Mỹ Thảo', 'TC-1395'),
('233d36ab-4bd0-431e-78f6-423b4e874d0f', 'Nguyễn Trọng Thanh', 'TC-5966'),
('234865cb-5d80-7244-70f6-423b4e874d0f', 'Hồ Khánh Nam', 'TC-9165'),
('2356a2d8-7751-6f97-66f6-423b4e874d0f', 'Nguyễn Thị Mỹ', 'TC-9969'),
('237092c3-5684-7bb6-0a35-60b3ebf808a9', 'Vũ Thanh Quỳnh', 'TC-2747'),
('244b1b16-56fc-1f92-73f6-423b4e874d0f', 'Nguyễn Thị Nhân', 'TC-6589'),
('255b28ba-2177-6baf-0835-60b3ebf808a9', 'Bùi Văn Liễu', 'TC-4859'),
('26942456-25a8-5ec2-8b41-c1ec321fe728', 'Trần Thị Mỹ', 'TC-6447'),
('27e60da2-385e-6804-8441-c1ec321fe728', 'Nguyễn Văn Anh', 'TC-7021'),
('2872c174-68d3-29c1-4935-0028ed526dd0', 'Trần Khánh Lương', 'TC-1965'),
('28a16581-1fd1-546b-1677-d9ebc53aac3d', 'Trần Thị Kiên', 'TC-5440'),
('28cd1599-63bf-785f-4f80-7ed9d1ea06ea', 'Nguyễn Kim Châu', 'TC-7493'),
('2afb2146-430d-394b-3d35-0028ed526dd0', 'Mai Văn Khuê', 'TC-5559'),
('2bd927cf-7faf-452e-4535-0028ed526dd0', 'Đinh Kim Huệ', 'TC-7434'),
('2c06d3cb-7ef7-4462-5e80-7ed9d1ea06ea', 'Nguyễn Văn Bảo', 'TC-8220'),
('2c380a42-1611-28c2-3ac2-579daad24557', 'Nguyễn Đức Long', 'TC-6596'),
('2efc0ff3-37c0-286f-bbd2-89b22d10517e', 'Hoàng Thị Thọ', 'TC-6723'),
('2f43fc9d-1f7a-25fc-5280-7ed9d1ea06ea', 'Nguyễn Thanh Thành', 'TC-1288'),
('2f4cc91d-6f13-4b4c-1c80-de64d090a2c2', 'Nguyễn Diễm Vinh', 'TC-4407'),
('2fde0921-432c-64c5-0935-60b3ebf808a9', 'Nguyễn Văn Chi', 'TC-1955'),
('31ae1818-7baf-1872-1e77-d9ebc53aac3d', 'Nguyễn Văn Chương', 'TC-7228'),
('322105dd-142f-392d-2fc2-579daad24557', 'Nguyễn Văn Thúy', 'TC-2333'),
('324ac33a-77c5-13a5-0535-60b3ebf808a9', 'Nguyễn Thị Tuyền', 'TC-8124'),
('329b5332-34e3-1ae4-6ef6-423b4e874d0f', 'Trần Thị Nhanh', 'TC-9629'),
('32d33559-61a5-4afd-d91d-086412a8ea97', 'Bùi Đức Vân', 'TC-0761'),
('3304dddb-1b72-607f-25c2-579daad24557', 'Trần Anh Thanh', 'TC-0638'),
('337faf61-662b-461a-69f6-423b4e874d0f', 'Mai Anh Bốn', 'TC-8557'),
('33ec4fea-4c03-3191-3ec2-579daad24557', 'Hồ Văn Toản', 'TC-0850'),
('34d0e3b5-6d5f-1fd7-0635-60b3ebf808a9', 'Trương Văn Nhi', 'TC-8547'),
('350cf027-3245-532d-bcd2-89b22d10517e', 'Nguyễn Tiến Quyên', 'TC-2860'),
('35c3a053-254d-33f3-1b80-de64d090a2c2', 'Nguyễn Văn Phi', 'TC-6195'),
('35ec2e7b-17b3-1b63-6080-7ed9d1ea06ea', 'Trịnh Thành Chính', 'TC-4178'),
('360bd1e4-7bbf-3971-d41d-086412a8ea97', 'Trịnh Văn Anh', 'TC-0342'),
('36ac2df8-2b1e-368f-cc1d-086412a8ea97', 'Nguyễn Ngọc Lan', 'TC-8745'),
('3738ce93-1661-5628-2cc2-579daad24557', 'Mai Mỹ Phát', 'TC-9227'),
('383760d5-6851-218b-4835-0028ed526dd0', 'Vũ Trọng Cương', 'TC-5713'),
('38dc720e-654a-29d5-34c2-579daad24557', 'Mai Văn Nghiêm', 'TC-7709'),
('395826c8-15a0-31f9-5980-7ed9d1ea06ea', 'Nguyễn Thị Lan', 'TC-2887'),
('395fb299-3c5f-46fe-8841-c1ec321fe728', 'Trương Thị Lan', 'TC-1904'),
('3a425a4d-6066-116b-6bf6-423b4e874d0f', 'Hồ Diễm Thông', 'TC-4733'),
('3abffc51-2a43-18c6-6cf6-423b4e874d0f', 'Bùi Thị Dương', 'TC-7782'),
('3b668e3c-742f-4876-8e41-c1ec321fe728', 'Nguyễn Thị Nghiêm', 'TC-8849'),
('3b9ddf67-2552-6683-5a80-7ed9d1ea06ea', 'Nguyễn Thị Bằng', 'TC-2435'),
('3cb58bb5-2fd7-6c15-8741-c1ec321fe728', 'Mai Đức Dương', 'TC-7243'),
('3cc7be2d-6406-4b95-3cc2-579daad24557', 'Nguyễn Thành Chung', 'TC-7161'),
('3d1266d8-49d7-3605-2477-d9ebc53aac3d', 'Nguyễn Ánh Bằng', 'TC-1644'),
('3d18d4c2-2f39-3dce-d61d-086412a8ea97', 'Vũ Tiến Duy', 'TC-2073'),
('3e51a46c-4153-229c-7f41-c1ec321fe728', 'Trần Minh Bình', 'TC-5399'),
('3e7dd0ec-7ee5-392a-1277-d9ebc53aac3d', 'Hoàng Thị Đan', 'TC-3052'),
('3f7028bf-3771-75c5-2380-de64d090a2c2', 'Nguyễn Việt Chi', 'TC-2111'),
('3fc4ed08-1219-1c6d-5480-7ed9d1ea06ea', 'Nguyễn Văn Định', 'TC-2488'),
('3fed64ec-2f94-798f-0335-60b3ebf808a9', 'Nguyễn Văn Dương', 'TC-1305'),
('4029deb6-568c-284f-8941-c1ec321fe728', 'Đinh Mỹ Minh', 'TC-4802'),
('405d596c-21be-7e1a-3dc2-579daad24557', 'Trần Thị Ngân', 'TC-0866'),
('407db4d1-222b-287d-0135-60b3ebf808a9', 'Trần Thanh Phát', 'TC-9368'),
('409dcd1a-426a-23f7-3a35-0028ed526dd0', 'Trần Việt Lan', 'TC-6091'),
('417f31fa-5c7b-6b08-6280-7ed9d1ea06ea', 'Trịnh Thị Chiến', 'TC-0227'),
('41f1acba-3177-4b1c-c4d2-89b22d10517e', 'Nguyễn Văn Quyên', 'TC-9633'),
('42a13e31-2abb-6171-dc1d-086412a8ea97', 'Nguyễn Linh Khuê', 'TC-2935'),
('42b9446a-790b-3892-2ac2-579daad24557', 'Trần Thị Dũng', 'TC-2142'),
('42db9027-5e76-257b-33c2-579daad24557', 'Nguyễn Hưng Nga', 'TC-2464'),
('45bd4aa1-3832-3db8-d21d-086412a8ea97', 'Võ Trọng Bốn', 'TC-5564'),
('46325c89-599d-77ef-74f6-423b4e874d0f', 'Nguyễn Anh Hiền', 'TC-7497'),
('481183cb-5a6c-795b-68f6-423b4e874d0f', 'Nguyễn Văn Trọng', 'TC-5215'),
('48147636-7e8f-6939-2580-de64d090a2c2', 'Nguyễn Thị Đức', 'TC-9154'),
('4852769b-3986-7c69-2077-d9ebc53aac3d', 'Nguyễn Minh Toản', 'TC-6418'),
('4863fe5f-13df-4653-9041-c1ec321fe728', 'Hoàng Thị Nhã', 'TC-2386'),
('4989ff24-23e7-7b82-b6d2-89b22d10517e', 'Trần Vân Xuân', 'TC-1766'),
('4a9854e8-12ac-72ac-2877-d9ebc53aac3d', 'Nguyễn Ngọc Toản', 'TC-3848'),
('4bf4567b-1505-40db-dd1d-086412a8ea97', 'Nguyễn Văn Phượng', 'TC-2191'),
('4bf9ecda-2d8e-1724-1d80-de64d090a2c2', 'Nguyễn Ngọc Cường', 'TC-5662'),
('4c61c74b-4a9f-769e-0d35-60b3ebf808a9', 'Trương Đức Thư', 'TC-4815'),
('4c9ebdde-5f9a-58dd-4235-0028ed526dd0', 'Hoàng Văn Nhanh', 'TC-7484'),
('4cc606bb-3068-7d32-3f35-0028ed526dd0', 'Trần Thị Thành', 'TC-0249'),
('4d536cce-31bf-335e-bfd2-89b22d10517e', 'Trần Văn Đức', 'TC-0818'),
('4db9a514-6d87-2ec1-3b35-0028ed526dd0', 'Trần Diễm Đức', 'TC-0812'),
('4dd0746a-6f49-64fa-1d77-d9ebc53aac3d', 'Nguyễn Văn Tuệ', 'TC-9624'),
('4eb131b8-234a-632f-4b35-0028ed526dd0', 'Võ Văn Nhài', 'TC-4213'),
('4efc95ad-2cc2-3f45-bed2-89b22d10517e', 'Mai Đức Cảnh', 'TC-2642'),
('4f65f6c1-4525-16e5-4135-0028ed526dd0', 'Vũ Anh Dương', 'TC-7375'),
('500b6761-1631-4f3a-c0d2-89b22d10517e', 'Trần Thị Cảnh', 'TC-0179'),
('506acf1e-5331-67a9-0d77-d9ebc53aac3d', 'Mai Văn Minh', 'TC-8739'),
('50b49b1f-3df8-4b52-db1d-086412a8ea97', 'Trịnh Anh Dũng', 'TC-1589'),
('50c07587-55d5-5b36-1b77-d9ebc53aac3d', 'Võ Tú Quỳnh', 'TC-0156'),
('517035f8-43a9-4c59-72f6-423b4e874d0f', 'Nguyễn Ngọc Thơm', 'TC-7616'),
('51b5ac10-6dea-17ad-2080-de64d090a2c2', 'Nguyễn Thành Chi', 'TC-5458'),
('51c6e7d3-53bf-49ae-8a41-c1ec321fe728', 'Bùi Minh Minh', 'TC-8944'),
('524751f2-1577-523d-ce1d-086412a8ea97', 'Trần Mỹ Quốc', 'TC-9603'),
('5254e49d-4368-3162-29c2-579daad24557', 'Trương Tiến Đạt', 'TC-8798'),
('527e293c-2185-6d0a-5580-7ed9d1ea06ea', 'Nguyễn Văn Trí', 'TC-3227'),
('52a36f9d-42d4-6841-38c2-579daad24557', 'Trần Quang Phi', 'TC-7389'),
('535ddd98-1493-7909-1e80-de64d090a2c2', 'Mai Thành Huyền', 'TC-3074'),
('53f68d51-267f-2d1e-8241-c1ec321fe728', 'Nguyễn Quang Kiên', 'TC-4847'),
('56249d42-1aee-20b3-3fc2-579daad24557', 'Trần Thị Dương', 'TC-8128'),
('565c3832-2fbc-2ad0-4735-0028ed526dd0', 'Võ Văn An', 'TC-2054'),
('5697b103-5179-7ac3-d31d-086412a8ea97', 'Nông Thành Nam', 'TC-0331'),
('56aaf263-3355-23ea-b8d2-89b22d10517e', 'Võ Vân Phương', 'TC-5031'),
('56dce332-76f0-6b9b-5080-7ed9d1ea06ea', 'Trần Thị Dương', 'TC-6592'),
('57cdf8c4-47e3-5560-7e41-c1ec321fe728', 'Nông Tú Ngân', 'TC-6148'),
('57dc4273-5c51-4aea-4d35-0028ed526dd0', 'Nguyễn Hưng Quỳnh', 'TC-4278'),
('57e65423-37f0-74b0-71f6-423b4e874d0f', 'Trần Trí Trâm', 'TC-5987'),
('58e49fff-2a42-4ce7-1c77-d9ebc53aac3d', 'Nguyễn Anh Thoa', 'TC-6685'),
('592aba45-4643-52ff-c1d2-89b22d10517e', 'Trần Văn Triệu', 'TC-8073'),
('595e7d51-318c-39e8-1377-d9ebc53aac3d', 'Hoàng Minh Vinh', 'TC-7475'),
('5a841b92-791c-78df-5180-7ed9d1ea06ea', 'Trần Quang Dung', 'TC-3376'),
('5c7f0ec4-77f2-3794-cf1d-086412a8ea97', 'Nguyễn Thị Cương', 'TC-4136'),
('5c85f9f2-1de1-4f0a-3e35-0028ed526dd0', 'Đinh Văn Tuệ', 'TC-8851'),
('5dc832b0-169a-1395-37c2-579daad24557', 'Nguyễn Văn Nga', 'TC-7183'),
('5de704c2-573f-1a71-1a80-de64d090a2c2', 'Nguyễn Việt Liên', 'TC-4963'),
('5eaa6527-768d-3ae7-1977-d9ebc53aac3d', 'Trần Quốc Thạch', 'TC-6492'),
('5edb2be2-7849-4909-c2d2-89b22d10517e', 'Nguyễn Minh Chiến', 'TC-6042'),
('5f03d745-7702-1c85-2bc2-579daad24557', 'Nguyễn Thành Thăng', 'TC-7361'),
('5f4b1d0a-247b-7049-4435-0028ed526dd0', 'Trịnh Thị Thông', 'TC-8213'),
('5fab4ff7-1b8e-64d0-1880-de64d090a2c2', 'Nguyễn Thành Quỳnh', 'TC-3493'),
('5fb9392a-4ad5-1fe7-76f6-423b4e874d0f', 'Nông Thị Quân', 'TC-2257'),
('5fd0a411-5945-70f7-4a35-0028ed526dd0', 'Mai Thị Hà', 'TC-5273'),
('60fa924e-77de-55f3-2377-d9ebc53aac3d', 'Trương Văn Tuân', 'TC-0451'),
('611bb57c-5f6c-434c-c5d2-89b22d10517e', 'Hoàng Văn Hồng', 'TC-7306'),
('613afd47-2fc1-15ed-0735-60b3ebf808a9', 'Nông Văn Tùng', 'TC-0165'),
('619ecbc4-37bc-19ea-6ff6-423b4e874d0f', 'Mai Ngọc Liễu', 'TC-5310'),
('623727c0-4fb7-573d-c3d2-89b22d10517e', 'Trịnh Văn Băng', 'TC-6421'),
('62563348-7bd5-6519-3c35-0028ed526dd0', 'Nguyễn Ngọc Nhanh', 'TC-4059'),
('62af2231-78a7-7caa-cd1d-086412a8ea97', 'Nguyễn Thị Tuyết', 'TC-0946'),
('6399a2a5-2afd-3384-da1d-086412a8ea97', 'Trần Thị Thanh', 'TC-2803'),
('6485b64f-7835-65a4-8041-c1ec321fe728', 'Trần Thị Thái', 'TC-2383'),
('65ecf5c2-5298-156e-d51d-086412a8ea97', 'Mai Thị Chương', 'TC-9601'),
('66ef0b11-1892-1443-1877-d9ebc53aac3d', 'Nông Minh Tuyết', 'TC-1474'),
('677132b4-2a33-68d1-26c2-579daad24557', 'Trương Văn Thái', 'TC-7292'),
('67e3818b-56b7-4eb0-5c80-7ed9d1ea06ea', 'Bùi Hưng Khánh', 'TC-0922'),
('6a50ecc3-384e-2a54-2177-d9ebc53aac3d', 'Vũ Thị Huệ', 'TC-5070'),
('6a763a51-4322-5c5a-b5d2-89b22d10517e', 'Đinh Hưng Thúy', 'TC-3364'),
('6b12b154-39d3-1a5b-2280-de64d090a2c2', 'Trần Hưng Ly', 'TC-9703'),
('6b550b8f-7ff9-51bc-0f77-d9ebc53aac3d', 'Đinh Văn Thăng', 'TC-1384'),
('6b76d607-7d60-38a2-5680-7ed9d1ea06ea', 'Hồ Thị Hà', 'TC-0209'),
('6bb2a723-7c18-1df2-0b35-60b3ebf808a9', 'Đinh Văn Diễm', 'TC-7051'),
('6c5b9fe7-14c9-3bb5-b4d2-89b22d10517e', 'Nguyễn Thị Giang', 'TC-9114'),
('6c80a684-1cb5-41af-ff34-60b3ebf808a9', 'Nguyễn Thị Dương', 'TC-3386'),
('6d489b13-7396-7986-1577-d9ebc53aac3d', 'Nguyễn Thành Phương', 'TC-7204'),
('6d7def1b-4b7e-52aa-8f41-c1ec321fe728', 'Mai Minh Ngân', 'TC-6144'),
('6dcdb6b6-273a-6aaa-8541-c1ec321fe728', 'Nguyễn Thị Phong', 'TC-5263'),
('6e3f7a8c-2f78-16a9-36c2-579daad24557', 'Nguyễn Thị Hoài', 'TC-6554'),
('6f1014db-2ff0-613b-bdd2-89b22d10517e', 'Bùi Tú Hà', 'TC-8155'),
('6f51ea57-13b2-139f-1177-d9ebc53aac3d', 'Nguyễn Văn Huệ', 'TC-9280'),
('707e1336-6584-55de-8341-c1ec321fe728', 'Võ Thị Hường', 'TC-6570'),
('70aead00-2db5-77f7-2277-d9ebc53aac3d', 'Mai Thị Mỹ', 'TC-3010'),
('721b7460-7378-2203-0435-60b3ebf808a9', 'Trần Thị Thạch', 'TC-2526'),
('73dc79e1-1ccb-35a6-0235-60b3ebf808a9', 'Hoàng Thị My', 'TC-6922'),
('75ec2fe2-5965-48e6-9141-c1ec321fe728', 'Nguyễn Thị Khánh', 'TC-9014'),
('762cf9e5-356b-56d7-5f80-7ed9d1ea06ea', 'Trần Ngọc Công', 'TC-2410'),
('76b3b772-27f3-37bf-75f6-423b4e874d0f', 'Nguyễn Văn Liên', 'TC-5376'),
('76cc3313-3932-7e97-4635-0028ed526dd0', 'Nguyễn Văn Chung', 'TC-7659'),
('77d03350-6ba4-226c-77f6-423b4e874d0f', 'Trần Trí Dương', 'TC-0634'),
('78b1d514-338c-3cdc-8641-c1ec321fe728', 'Nguyễn Thị Thanh', 'TC-3352'),
('7976650d-4e86-2615-8c41-c1ec321fe728', 'Hoàng Khánh Nga', 'TC-9116'),
('79806d6f-4830-6311-2577-d9ebc53aac3d', 'Nguyễn Mỹ Đạt', 'TC-7378'),
('79dadd0d-69fa-5e30-35c2-579daad24557', 'Nguyễn Thị Trọng', 'TC-1208'),
('7a1114ad-76c4-3734-1f77-d9ebc53aac3d', 'Trương Văn Lan', 'TC-9874'),
('7a301ea4-331e-73f6-1a77-d9ebc53aac3d', 'Nguyễn Văn Hoài', 'TC-4423'),
('7ad34860-1ac8-7ad7-d01d-086412a8ea97', 'Đinh Văn Đăng', 'TC-6661'),
('7b666cc3-1b67-6037-67f6-423b4e874d0f', 'Trần Văn Liên', 'TC-0229'),
('7bd9cf39-3f55-3a7b-0035-60b3ebf808a9', 'Nguyễn Ánh Thái', 'TC-8669'),
('7c1ae6ac-6c72-7436-2dc2-579daad24557', 'Nguyễn Hưng Trung', 'TC-6823'),
('7e61a689-2cd8-340e-2677-d9ebc53aac3d', 'Nguyễn Văn Nga', 'TC-5265'),
('7f1b6c7c-2b74-3ebb-31c2-579daad24557', 'Nguyễn Văn My', 'TC-9920');

-- 
-- Dumping data for table department
--
INSERT INTO department VALUES
('142cb08f-7c31-21fa-8e90-67245e8b283e', 'DC-0460', ' Kho phòng chung'),
('17120d02-6ab5-3e43-18cb-66948daf6128', 'DC-9483', ' Phòng Hóa Sinh '),
('469b3ece-744a-45d5-957d-e8c757976496', 'DC-5222', ' Phòng Anh - Văn '),
('4e272fc4-7875-78d6-7d32-6a1673ffca7c', 'DC-2675', 'Phòng Toán - Lý ');

-- 
-- Dumping data for table teacher_department
--
INSERT INTO teacher_department VALUES
('11a8748f-3464-740c-28c2-579daad24557', '142cb08f-7c31-21fa-8e90-67245e8b283e'),
('12693b29-274c-35ce-d11d-086412a8ea97', '142cb08f-7c31-21fa-8e90-67245e8b283e'),
('12e1b096-3542-127a-1077-d9ebc53aac3d', '142cb08f-7c31-21fa-8e90-67245e8b283e'),
('13ede5b6-19dd-563e-1980-de64d090a2c2', '142cb08f-7c31-21fa-8e90-67245e8b283e'),
('18baaac1-2b18-2317-b9d2-89b22d10517e', '142cb08f-7c31-21fa-8e90-67245e8b283e'),
('197fda97-5a35-781d-0e77-d9ebc53aac3d', '142cb08f-7c31-21fa-8e90-67245e8b283e'),
('1e5e96fa-5d7a-599d-27c2-579daad24557', '142cb08f-7c31-21fa-8e90-67245e8b283e'),
('1f85f165-3ed3-370a-b7d2-89b22d10517e', '142cb08f-7c31-21fa-8e90-67245e8b283e'),
('2356a2d8-7751-6f97-66f6-423b4e874d0f', '142cb08f-7c31-21fa-8e90-67245e8b283e'),
('28cd1599-63bf-785f-4f80-7ed9d1ea06ea', '142cb08f-7c31-21fa-8e90-67245e8b283e'),
('2afb2146-430d-394b-3d35-0028ed526dd0', '142cb08f-7c31-21fa-8e90-67245e8b283e'),
('2bd927cf-7faf-452e-4535-0028ed526dd0', '142cb08f-7c31-21fa-8e90-67245e8b283e'),
('2f43fc9d-1f7a-25fc-5280-7ed9d1ea06ea', '142cb08f-7c31-21fa-8e90-67245e8b283e'),
('3304dddb-1b72-607f-25c2-579daad24557', '142cb08f-7c31-21fa-8e90-67245e8b283e'),
('35c3a053-254d-33f3-1b80-de64d090a2c2', '142cb08f-7c31-21fa-8e90-67245e8b283e'),
('36ac2df8-2b1e-368f-cc1d-086412a8ea97', '142cb08f-7c31-21fa-8e90-67245e8b283e'),
('3738ce93-1661-5628-2cc2-579daad24557', '142cb08f-7c31-21fa-8e90-67245e8b283e'),
('3e51a46c-4153-229c-7f41-c1ec321fe728', '142cb08f-7c31-21fa-8e90-67245e8b283e'),
('3e7dd0ec-7ee5-392a-1277-d9ebc53aac3d', '142cb08f-7c31-21fa-8e90-67245e8b283e'),
('3fed64ec-2f94-798f-0335-60b3ebf808a9', '142cb08f-7c31-21fa-8e90-67245e8b283e'),
('407db4d1-222b-287d-0135-60b3ebf808a9', '142cb08f-7c31-21fa-8e90-67245e8b283e'),
('409dcd1a-426a-23f7-3a35-0028ed526dd0', '142cb08f-7c31-21fa-8e90-67245e8b283e'),
('42b9446a-790b-3892-2ac2-579daad24557', '142cb08f-7c31-21fa-8e90-67245e8b283e'),
('481183cb-5a6c-795b-68f6-423b4e874d0f', '142cb08f-7c31-21fa-8e90-67245e8b283e'),
('4989ff24-23e7-7b82-b6d2-89b22d10517e', '142cb08f-7c31-21fa-8e90-67245e8b283e'),
('4db9a514-6d87-2ec1-3b35-0028ed526dd0', '142cb08f-7c31-21fa-8e90-67245e8b283e'),
('506acf1e-5331-67a9-0d77-d9ebc53aac3d', '142cb08f-7c31-21fa-8e90-67245e8b283e'),
('524751f2-1577-523d-ce1d-086412a8ea97', '142cb08f-7c31-21fa-8e90-67245e8b283e'),
('5254e49d-4368-3162-29c2-579daad24557', '142cb08f-7c31-21fa-8e90-67245e8b283e'),
('56aaf263-3355-23ea-b8d2-89b22d10517e', '142cb08f-7c31-21fa-8e90-67245e8b283e'),
('56dce332-76f0-6b9b-5080-7ed9d1ea06ea', '142cb08f-7c31-21fa-8e90-67245e8b283e'),
('57cdf8c4-47e3-5560-7e41-c1ec321fe728', '142cb08f-7c31-21fa-8e90-67245e8b283e'),
('595e7d51-318c-39e8-1377-d9ebc53aac3d', '142cb08f-7c31-21fa-8e90-67245e8b283e'),
('5a841b92-791c-78df-5180-7ed9d1ea06ea', '142cb08f-7c31-21fa-8e90-67245e8b283e'),
('5c7f0ec4-77f2-3794-cf1d-086412a8ea97', '142cb08f-7c31-21fa-8e90-67245e8b283e'),
('5de704c2-573f-1a71-1a80-de64d090a2c2', '142cb08f-7c31-21fa-8e90-67245e8b283e'),
('5f03d745-7702-1c85-2bc2-579daad24557', '142cb08f-7c31-21fa-8e90-67245e8b283e'),
('5fab4ff7-1b8e-64d0-1880-de64d090a2c2', '142cb08f-7c31-21fa-8e90-67245e8b283e'),
('62563348-7bd5-6519-3c35-0028ed526dd0', '142cb08f-7c31-21fa-8e90-67245e8b283e'),
('62af2231-78a7-7caa-cd1d-086412a8ea97', '142cb08f-7c31-21fa-8e90-67245e8b283e'),
('6485b64f-7835-65a4-8041-c1ec321fe728', '142cb08f-7c31-21fa-8e90-67245e8b283e'),
('677132b4-2a33-68d1-26c2-579daad24557', '142cb08f-7c31-21fa-8e90-67245e8b283e'),
('6a763a51-4322-5c5a-b5d2-89b22d10517e', '142cb08f-7c31-21fa-8e90-67245e8b283e'),
('6b550b8f-7ff9-51bc-0f77-d9ebc53aac3d', '142cb08f-7c31-21fa-8e90-67245e8b283e'),
('6c5b9fe7-14c9-3bb5-b4d2-89b22d10517e', '142cb08f-7c31-21fa-8e90-67245e8b283e'),
('6c80a684-1cb5-41af-ff34-60b3ebf808a9', '142cb08f-7c31-21fa-8e90-67245e8b283e'),
('6f51ea57-13b2-139f-1177-d9ebc53aac3d', '142cb08f-7c31-21fa-8e90-67245e8b283e'),
('73dc79e1-1ccb-35a6-0235-60b3ebf808a9', '142cb08f-7c31-21fa-8e90-67245e8b283e'),
('7ad34860-1ac8-7ad7-d01d-086412a8ea97', '142cb08f-7c31-21fa-8e90-67245e8b283e'),
('7b666cc3-1b67-6037-67f6-423b4e874d0f', '142cb08f-7c31-21fa-8e90-67245e8b283e'),
('7bd9cf39-3f55-3a7b-0035-60b3ebf808a9', '142cb08f-7c31-21fa-8e90-67245e8b283e'),
('11a8748f-3464-740c-28c2-579daad24557', '17120d02-6ab5-3e43-18cb-66948daf6128'),
('12693b29-274c-35ce-d11d-086412a8ea97', '17120d02-6ab5-3e43-18cb-66948daf6128'),
('12e1b096-3542-127a-1077-d9ebc53aac3d', '17120d02-6ab5-3e43-18cb-66948daf6128'),
('13ede5b6-19dd-563e-1980-de64d090a2c2', '17120d02-6ab5-3e43-18cb-66948daf6128'),
('18baaac1-2b18-2317-b9d2-89b22d10517e', '17120d02-6ab5-3e43-18cb-66948daf6128'),
('197fda97-5a35-781d-0e77-d9ebc53aac3d', '17120d02-6ab5-3e43-18cb-66948daf6128'),
('1d05a704-5376-15ba-1477-d9ebc53aac3d', '17120d02-6ab5-3e43-18cb-66948daf6128'),
('1e5e96fa-5d7a-599d-27c2-579daad24557', '17120d02-6ab5-3e43-18cb-66948daf6128'),
('1f85f165-3ed3-370a-b7d2-89b22d10517e', '17120d02-6ab5-3e43-18cb-66948daf6128'),
('1fecd07f-2488-638c-8141-c1ec321fe728', '17120d02-6ab5-3e43-18cb-66948daf6128'),
('2356a2d8-7751-6f97-66f6-423b4e874d0f', '17120d02-6ab5-3e43-18cb-66948daf6128'),
('28cd1599-63bf-785f-4f80-7ed9d1ea06ea', '17120d02-6ab5-3e43-18cb-66948daf6128'),
('2afb2146-430d-394b-3d35-0028ed526dd0', '17120d02-6ab5-3e43-18cb-66948daf6128'),
('2f43fc9d-1f7a-25fc-5280-7ed9d1ea06ea', '17120d02-6ab5-3e43-18cb-66948daf6128'),
('337faf61-662b-461a-69f6-423b4e874d0f', '17120d02-6ab5-3e43-18cb-66948daf6128'),
('35c3a053-254d-33f3-1b80-de64d090a2c2', '17120d02-6ab5-3e43-18cb-66948daf6128'),
('36ac2df8-2b1e-368f-cc1d-086412a8ea97', '17120d02-6ab5-3e43-18cb-66948daf6128'),
('3738ce93-1661-5628-2cc2-579daad24557', '17120d02-6ab5-3e43-18cb-66948daf6128'),
('3e51a46c-4153-229c-7f41-c1ec321fe728', '17120d02-6ab5-3e43-18cb-66948daf6128'),
('3e7dd0ec-7ee5-392a-1277-d9ebc53aac3d', '17120d02-6ab5-3e43-18cb-66948daf6128'),
('3fed64ec-2f94-798f-0335-60b3ebf808a9', '17120d02-6ab5-3e43-18cb-66948daf6128'),
('407db4d1-222b-287d-0135-60b3ebf808a9', '17120d02-6ab5-3e43-18cb-66948daf6128'),
('409dcd1a-426a-23f7-3a35-0028ed526dd0', '17120d02-6ab5-3e43-18cb-66948daf6128'),
('42b9446a-790b-3892-2ac2-579daad24557', '17120d02-6ab5-3e43-18cb-66948daf6128'),
('481183cb-5a6c-795b-68f6-423b4e874d0f', '17120d02-6ab5-3e43-18cb-66948daf6128'),
('4989ff24-23e7-7b82-b6d2-89b22d10517e', '17120d02-6ab5-3e43-18cb-66948daf6128'),
('4db9a514-6d87-2ec1-3b35-0028ed526dd0', '17120d02-6ab5-3e43-18cb-66948daf6128'),
('524751f2-1577-523d-ce1d-086412a8ea97', '17120d02-6ab5-3e43-18cb-66948daf6128'),
('5254e49d-4368-3162-29c2-579daad24557', '17120d02-6ab5-3e43-18cb-66948daf6128'),
('56aaf263-3355-23ea-b8d2-89b22d10517e', '17120d02-6ab5-3e43-18cb-66948daf6128'),
('56dce332-76f0-6b9b-5080-7ed9d1ea06ea', '17120d02-6ab5-3e43-18cb-66948daf6128'),
('595e7d51-318c-39e8-1377-d9ebc53aac3d', '17120d02-6ab5-3e43-18cb-66948daf6128'),
('5a841b92-791c-78df-5180-7ed9d1ea06ea', '17120d02-6ab5-3e43-18cb-66948daf6128'),
('5c7f0ec4-77f2-3794-cf1d-086412a8ea97', '17120d02-6ab5-3e43-18cb-66948daf6128'),
('5de704c2-573f-1a71-1a80-de64d090a2c2', '17120d02-6ab5-3e43-18cb-66948daf6128'),
('5f03d745-7702-1c85-2bc2-579daad24557', '17120d02-6ab5-3e43-18cb-66948daf6128'),
('5fab4ff7-1b8e-64d0-1880-de64d090a2c2', '17120d02-6ab5-3e43-18cb-66948daf6128'),
('62563348-7bd5-6519-3c35-0028ed526dd0', '17120d02-6ab5-3e43-18cb-66948daf6128'),
('62af2231-78a7-7caa-cd1d-086412a8ea97', '17120d02-6ab5-3e43-18cb-66948daf6128'),
('6485b64f-7835-65a4-8041-c1ec321fe728', '17120d02-6ab5-3e43-18cb-66948daf6128'),
('677132b4-2a33-68d1-26c2-579daad24557', '17120d02-6ab5-3e43-18cb-66948daf6128'),
('6a763a51-4322-5c5a-b5d2-89b22d10517e', '17120d02-6ab5-3e43-18cb-66948daf6128'),
('6b550b8f-7ff9-51bc-0f77-d9ebc53aac3d', '17120d02-6ab5-3e43-18cb-66948daf6128'),
('6c5b9fe7-14c9-3bb5-b4d2-89b22d10517e', '17120d02-6ab5-3e43-18cb-66948daf6128'),
('6c80a684-1cb5-41af-ff34-60b3ebf808a9', '17120d02-6ab5-3e43-18cb-66948daf6128'),
('6f51ea57-13b2-139f-1177-d9ebc53aac3d', '17120d02-6ab5-3e43-18cb-66948daf6128'),
('73dc79e1-1ccb-35a6-0235-60b3ebf808a9', '17120d02-6ab5-3e43-18cb-66948daf6128'),
('7ad34860-1ac8-7ad7-d01d-086412a8ea97', '17120d02-6ab5-3e43-18cb-66948daf6128'),
('7b666cc3-1b67-6037-67f6-423b4e874d0f', '17120d02-6ab5-3e43-18cb-66948daf6128'),
('7bd9cf39-3f55-3a7b-0035-60b3ebf808a9', '17120d02-6ab5-3e43-18cb-66948daf6128'),
('11a8748f-3464-740c-28c2-579daad24557', '469b3ece-744a-45d5-957d-e8c757976496'),
('12693b29-274c-35ce-d11d-086412a8ea97', '469b3ece-744a-45d5-957d-e8c757976496'),
('12e1b096-3542-127a-1077-d9ebc53aac3d', '469b3ece-744a-45d5-957d-e8c757976496'),
('13ede5b6-19dd-563e-1980-de64d090a2c2', '469b3ece-744a-45d5-957d-e8c757976496'),
('18baaac1-2b18-2317-b9d2-89b22d10517e', '469b3ece-744a-45d5-957d-e8c757976496'),
('197fda97-5a35-781d-0e77-d9ebc53aac3d', '469b3ece-744a-45d5-957d-e8c757976496'),
('1e5e96fa-5d7a-599d-27c2-579daad24557', '469b3ece-744a-45d5-957d-e8c757976496'),
('1f85f165-3ed3-370a-b7d2-89b22d10517e', '469b3ece-744a-45d5-957d-e8c757976496'),
('1fecd07f-2488-638c-8141-c1ec321fe728', '469b3ece-744a-45d5-957d-e8c757976496'),
('2356a2d8-7751-6f97-66f6-423b4e874d0f', '469b3ece-744a-45d5-957d-e8c757976496'),
('28cd1599-63bf-785f-4f80-7ed9d1ea06ea', '469b3ece-744a-45d5-957d-e8c757976496'),
('2afb2146-430d-394b-3d35-0028ed526dd0', '469b3ece-744a-45d5-957d-e8c757976496'),
('2f43fc9d-1f7a-25fc-5280-7ed9d1ea06ea', '469b3ece-744a-45d5-957d-e8c757976496'),
('35c3a053-254d-33f3-1b80-de64d090a2c2', '469b3ece-744a-45d5-957d-e8c757976496'),
('36ac2df8-2b1e-368f-cc1d-086412a8ea97', '469b3ece-744a-45d5-957d-e8c757976496'),
('3738ce93-1661-5628-2cc2-579daad24557', '469b3ece-744a-45d5-957d-e8c757976496'),
('3e51a46c-4153-229c-7f41-c1ec321fe728', '469b3ece-744a-45d5-957d-e8c757976496'),
('3e7dd0ec-7ee5-392a-1277-d9ebc53aac3d', '469b3ece-744a-45d5-957d-e8c757976496'),
('3fed64ec-2f94-798f-0335-60b3ebf808a9', '469b3ece-744a-45d5-957d-e8c757976496'),
('407db4d1-222b-287d-0135-60b3ebf808a9', '469b3ece-744a-45d5-957d-e8c757976496'),
('409dcd1a-426a-23f7-3a35-0028ed526dd0', '469b3ece-744a-45d5-957d-e8c757976496'),
('42b9446a-790b-3892-2ac2-579daad24557', '469b3ece-744a-45d5-957d-e8c757976496'),
('481183cb-5a6c-795b-68f6-423b4e874d0f', '469b3ece-744a-45d5-957d-e8c757976496'),
('4989ff24-23e7-7b82-b6d2-89b22d10517e', '469b3ece-744a-45d5-957d-e8c757976496'),
('4db9a514-6d87-2ec1-3b35-0028ed526dd0', '469b3ece-744a-45d5-957d-e8c757976496'),
('506acf1e-5331-67a9-0d77-d9ebc53aac3d', '469b3ece-744a-45d5-957d-e8c757976496'),
('524751f2-1577-523d-ce1d-086412a8ea97', '469b3ece-744a-45d5-957d-e8c757976496'),
('5254e49d-4368-3162-29c2-579daad24557', '469b3ece-744a-45d5-957d-e8c757976496'),
('56aaf263-3355-23ea-b8d2-89b22d10517e', '469b3ece-744a-45d5-957d-e8c757976496'),
('56dce332-76f0-6b9b-5080-7ed9d1ea06ea', '469b3ece-744a-45d5-957d-e8c757976496'),
('57cdf8c4-47e3-5560-7e41-c1ec321fe728', '469b3ece-744a-45d5-957d-e8c757976496'),
('595e7d51-318c-39e8-1377-d9ebc53aac3d', '469b3ece-744a-45d5-957d-e8c757976496'),
('5a841b92-791c-78df-5180-7ed9d1ea06ea', '469b3ece-744a-45d5-957d-e8c757976496'),
('5c7f0ec4-77f2-3794-cf1d-086412a8ea97', '469b3ece-744a-45d5-957d-e8c757976496'),
('5de704c2-573f-1a71-1a80-de64d090a2c2', '469b3ece-744a-45d5-957d-e8c757976496'),
('5f03d745-7702-1c85-2bc2-579daad24557', '469b3ece-744a-45d5-957d-e8c757976496'),
('5fab4ff7-1b8e-64d0-1880-de64d090a2c2', '469b3ece-744a-45d5-957d-e8c757976496'),
('62563348-7bd5-6519-3c35-0028ed526dd0', '469b3ece-744a-45d5-957d-e8c757976496'),
('62af2231-78a7-7caa-cd1d-086412a8ea97', '469b3ece-744a-45d5-957d-e8c757976496'),
('6485b64f-7835-65a4-8041-c1ec321fe728', '469b3ece-744a-45d5-957d-e8c757976496'),
('677132b4-2a33-68d1-26c2-579daad24557', '469b3ece-744a-45d5-957d-e8c757976496'),
('6a763a51-4322-5c5a-b5d2-89b22d10517e', '469b3ece-744a-45d5-957d-e8c757976496'),
('6b550b8f-7ff9-51bc-0f77-d9ebc53aac3d', '469b3ece-744a-45d5-957d-e8c757976496'),
('6c5b9fe7-14c9-3bb5-b4d2-89b22d10517e', '469b3ece-744a-45d5-957d-e8c757976496'),
('6c80a684-1cb5-41af-ff34-60b3ebf808a9', '469b3ece-744a-45d5-957d-e8c757976496'),
('6f51ea57-13b2-139f-1177-d9ebc53aac3d', '469b3ece-744a-45d5-957d-e8c757976496'),
('73dc79e1-1ccb-35a6-0235-60b3ebf808a9', '469b3ece-744a-45d5-957d-e8c757976496'),
('7ad34860-1ac8-7ad7-d01d-086412a8ea97', '469b3ece-744a-45d5-957d-e8c757976496'),
('7b666cc3-1b67-6037-67f6-423b4e874d0f', '469b3ece-744a-45d5-957d-e8c757976496'),
('7bd9cf39-3f55-3a7b-0035-60b3ebf808a9', '469b3ece-744a-45d5-957d-e8c757976496'),
('11a8748f-3464-740c-28c2-579daad24557', '4e272fc4-7875-78d6-7d32-6a1673ffca7c'),
('12693b29-274c-35ce-d11d-086412a8ea97', '4e272fc4-7875-78d6-7d32-6a1673ffca7c'),
('12e1b096-3542-127a-1077-d9ebc53aac3d', '4e272fc4-7875-78d6-7d32-6a1673ffca7c'),
('13ede5b6-19dd-563e-1980-de64d090a2c2', '4e272fc4-7875-78d6-7d32-6a1673ffca7c'),
('18baaac1-2b18-2317-b9d2-89b22d10517e', '4e272fc4-7875-78d6-7d32-6a1673ffca7c'),
('197fda97-5a35-781d-0e77-d9ebc53aac3d', '4e272fc4-7875-78d6-7d32-6a1673ffca7c'),
('1e5e96fa-5d7a-599d-27c2-579daad24557', '4e272fc4-7875-78d6-7d32-6a1673ffca7c'),
('1f85f165-3ed3-370a-b7d2-89b22d10517e', '4e272fc4-7875-78d6-7d32-6a1673ffca7c'),
('1fecd07f-2488-638c-8141-c1ec321fe728', '4e272fc4-7875-78d6-7d32-6a1673ffca7c'),
('2356a2d8-7751-6f97-66f6-423b4e874d0f', '4e272fc4-7875-78d6-7d32-6a1673ffca7c'),
('28cd1599-63bf-785f-4f80-7ed9d1ea06ea', '4e272fc4-7875-78d6-7d32-6a1673ffca7c'),
('2afb2146-430d-394b-3d35-0028ed526dd0', '4e272fc4-7875-78d6-7d32-6a1673ffca7c'),
('2f43fc9d-1f7a-25fc-5280-7ed9d1ea06ea', '4e272fc4-7875-78d6-7d32-6a1673ffca7c'),
('337faf61-662b-461a-69f6-423b4e874d0f', '4e272fc4-7875-78d6-7d32-6a1673ffca7c'),
('35c3a053-254d-33f3-1b80-de64d090a2c2', '4e272fc4-7875-78d6-7d32-6a1673ffca7c'),
('36ac2df8-2b1e-368f-cc1d-086412a8ea97', '4e272fc4-7875-78d6-7d32-6a1673ffca7c'),
('3738ce93-1661-5628-2cc2-579daad24557', '4e272fc4-7875-78d6-7d32-6a1673ffca7c'),
('3e51a46c-4153-229c-7f41-c1ec321fe728', '4e272fc4-7875-78d6-7d32-6a1673ffca7c'),
('3e7dd0ec-7ee5-392a-1277-d9ebc53aac3d', '4e272fc4-7875-78d6-7d32-6a1673ffca7c'),
('3fed64ec-2f94-798f-0335-60b3ebf808a9', '4e272fc4-7875-78d6-7d32-6a1673ffca7c'),
('407db4d1-222b-287d-0135-60b3ebf808a9', '4e272fc4-7875-78d6-7d32-6a1673ffca7c'),
('409dcd1a-426a-23f7-3a35-0028ed526dd0', '4e272fc4-7875-78d6-7d32-6a1673ffca7c'),
('42b9446a-790b-3892-2ac2-579daad24557', '4e272fc4-7875-78d6-7d32-6a1673ffca7c'),
('481183cb-5a6c-795b-68f6-423b4e874d0f', '4e272fc4-7875-78d6-7d32-6a1673ffca7c'),
('4989ff24-23e7-7b82-b6d2-89b22d10517e', '4e272fc4-7875-78d6-7d32-6a1673ffca7c'),
('4db9a514-6d87-2ec1-3b35-0028ed526dd0', '4e272fc4-7875-78d6-7d32-6a1673ffca7c'),
('506acf1e-5331-67a9-0d77-d9ebc53aac3d', '4e272fc4-7875-78d6-7d32-6a1673ffca7c'),
('524751f2-1577-523d-ce1d-086412a8ea97', '4e272fc4-7875-78d6-7d32-6a1673ffca7c'),
('5254e49d-4368-3162-29c2-579daad24557', '4e272fc4-7875-78d6-7d32-6a1673ffca7c'),
('56aaf263-3355-23ea-b8d2-89b22d10517e', '4e272fc4-7875-78d6-7d32-6a1673ffca7c'),
('56dce332-76f0-6b9b-5080-7ed9d1ea06ea', '4e272fc4-7875-78d6-7d32-6a1673ffca7c'),
('595e7d51-318c-39e8-1377-d9ebc53aac3d', '4e272fc4-7875-78d6-7d32-6a1673ffca7c'),
('5a841b92-791c-78df-5180-7ed9d1ea06ea', '4e272fc4-7875-78d6-7d32-6a1673ffca7c'),
('5c7f0ec4-77f2-3794-cf1d-086412a8ea97', '4e272fc4-7875-78d6-7d32-6a1673ffca7c'),
('5de704c2-573f-1a71-1a80-de64d090a2c2', '4e272fc4-7875-78d6-7d32-6a1673ffca7c'),
('5f03d745-7702-1c85-2bc2-579daad24557', '4e272fc4-7875-78d6-7d32-6a1673ffca7c'),
('5fab4ff7-1b8e-64d0-1880-de64d090a2c2', '4e272fc4-7875-78d6-7d32-6a1673ffca7c'),
('62563348-7bd5-6519-3c35-0028ed526dd0', '4e272fc4-7875-78d6-7d32-6a1673ffca7c'),
('62af2231-78a7-7caa-cd1d-086412a8ea97', '4e272fc4-7875-78d6-7d32-6a1673ffca7c'),
('6485b64f-7835-65a4-8041-c1ec321fe728', '4e272fc4-7875-78d6-7d32-6a1673ffca7c'),
('677132b4-2a33-68d1-26c2-579daad24557', '4e272fc4-7875-78d6-7d32-6a1673ffca7c'),
('6a763a51-4322-5c5a-b5d2-89b22d10517e', '4e272fc4-7875-78d6-7d32-6a1673ffca7c'),
('6b550b8f-7ff9-51bc-0f77-d9ebc53aac3d', '4e272fc4-7875-78d6-7d32-6a1673ffca7c'),
('6c5b9fe7-14c9-3bb5-b4d2-89b22d10517e', '4e272fc4-7875-78d6-7d32-6a1673ffca7c'),
('6c80a684-1cb5-41af-ff34-60b3ebf808a9', '4e272fc4-7875-78d6-7d32-6a1673ffca7c'),
('6f51ea57-13b2-139f-1177-d9ebc53aac3d', '4e272fc4-7875-78d6-7d32-6a1673ffca7c'),
('73dc79e1-1ccb-35a6-0235-60b3ebf808a9', '4e272fc4-7875-78d6-7d32-6a1673ffca7c'),
('7ad34860-1ac8-7ad7-d01d-086412a8ea97', '4e272fc4-7875-78d6-7d32-6a1673ffca7c'),
('7b666cc3-1b67-6037-67f6-423b4e874d0f', '4e272fc4-7875-78d6-7d32-6a1673ffca7c'),
('7bd9cf39-3f55-3a7b-0035-60b3ebf808a9', '4e272fc4-7875-78d6-7d32-6a1673ffca7c');

-- 
-- Restore previous SQL mode
-- 
/*!40101 SET SQL_MODE=@OLD_SQL_MODE */;

-- 
-- Enable foreign keys
-- 
/*!40014 SET FOREIGN_KEY_CHECKS = @OLD_FOREIGN_KEY_CHECKS */;